node_id,x_mm,y_mm,z_lowest_tip_mm,base_us,shoulder_us,linkage_us,gripper_open_us,measured_ok,min_clearance_along_routes_mm,notes
grid_minX_minY_low,,,,,,,,false,,
grid_maxX_minY_low,,,,,,,,false,,
grid_minX_maxY_low,,,,,,,,false,,
grid_maxX_maxY_low,,,,,,,,false,,
grid_minX_minY_high,,,,,,,,false,,
grid_maxX_minY_high,,,,,,,,false,,
grid_minX_maxY_high,,,,,,,,false,,
grid_maxX_maxY_high,,,,,,,,false,,
park_supported,,,,,,,,false,,
hub,,,,,,,,false,,
bin1_high,,,,,,,,false,,red_class_1
bin1_drop,,,,,,,,false,,red_class_1
bin2_high,,,,,,,,false,,blue_class_3
bin2_drop,,,,,,,,false,,blue_class_3
