run_id,part_id,attempt_index,expected_class,placed_class,outcome,cycle_s,intervention,notes
synthetic_run,p01,1,1,1,success,14.0,false,SYNTHETIC fixture
synthetic_run,p02,1,2,,miss,15.0,false,SYNTHETIC fixture
synthetic_run,p02,2,2,2,success,16.0,false,SYNTHETIC retry
synthetic_run,p03,1,3,1,wrong_bin,18.0,false,SYNTHETIC fixture
synthetic_run,p04,1,1,,drop,12.0,false,SYNTHETIC fixture
synthetic_run,p05,1,2,2,success,13.0,false,SYNTHETIC fixture
synthetic_run,p06,1,3,,timeout,30.0,false,SYNTHETIC fixture
synthetic_run,p07,1,1,,aborted,5.0,true,SYNTHETIC intervention
synthetic_run,p08,1,2,2,success,15.0,false,SYNTHETIC fixture
