split,u,v,x_mm,y_mm,provenance
train,30,25,-56.29074592251244,64.95216764779028,synthetic
train,160,25,-1.9663905338661962,62.04596922782725,synthetic
train,290,25,45.044304594136825,59.53943810082326,synthetic
train,30,120,-56.11274632661644,106.62333879124793,synthetic
train,160,120,0.1524827236699657,100.583865571388,synthetic
train,290,120,48.656674179361566,95.37588460897935,synthetic
train,30,215,-55.794535986695024,151.80054235626815,synthetic
train,160,215,2.5890792803599876,141.97437801844964,synthetic
train,290,215,52.5670362099979,133.5573047895246,synthetic
test,95,72.5,-27.432876247822712,83.15227925782416,synthetic
test,225,72.5,23.8816169036229,78.9592894754773,synthetic
test,95,167.5,-26.16013042343644,124.57271792205714,synthetic
test,225,167.5,26.785274806648978,117.32695773529191,synthetic
